f3719246058.jpg,0
f7092813564.jpg,0
f5428793160.jpg,0
f8056392174.jpg,0
f8713290654.jpg,0
f4831506972.jpg,1
f9107683245.jpg,0
f5239716480.jpg,4
f0418932765.jpg,0
f6958014327.jpg,5
f1458673029.jpg,0
f4961208753.jpg,4
f2308197465.jpg,1
f8145739062.jpg,0
f8452761039.jpg,1
f9027613485.jpg,0
f1469023875.jpg,0
f2175906438.jpg,0
f3479256180.jpg,0
f8935027614.jpg,4
f2930571846.jpg,0
f1978502346.jpg,1
f4918237605.jpg,0
f1796052483.jpg,0
f4862910735.jpg,5
f6985702143.jpg,5
f3509284617.jpg,1
f3794210856.jpg,1
f8261940735.jpg,6
f9082354617.jpg,0
f6901348257.jpg,4
f1723086945.jpg,0
f6859470312.jpg,0
f2905416378.jpg,2
f4963178502.jpg,0
f0491576382.jpg,6
f9601427358.jpg,0
f9875304126.jpg,3
f7056389124.jpg,0
f2304596781.jpg,0
f5687193042.jpg,2
f9735846210.jpg,0
f9643215807.jpg,4
f5810324697.jpg,0
f0396174852.jpg,0
f0273491568.jpg,3
f6230891754.jpg,0
f8749150236.jpg,2
f8470693512.jpg,0
f7853410269.jpg,3
f1058947632.jpg,0
f2954108763.jpg,0
f7261893054.jpg,2
f5964237180.jpg,0
f0249753816.jpg,0
f7023914586.jpg,0
f4280971536.jpg,0
f0197465832.jpg,0
f7120593684.jpg,0
f2689043157.jpg,2
f0897253614.jpg,0
f4926750381.jpg,2
f1735628094.jpg,3
f2480639751.jpg,0
f6098235714.jpg,0
f8729014365.jpg,0
f9087651243.jpg,0
f1436580972.jpg,0
f5039426871.jpg,0
f3261875904.jpg,1
f2186935704.jpg,0
f1739254608.jpg,4
f6582790431.jpg,0
f5064198273.jpg,5
f5128790436.jpg,0
f9258463701.jpg,4
f5618274039.jpg,1
f4903281756.jpg,0
f5802674193.jpg,1
f0763859124.jpg,0
f1502849673.jpg,0
f6248357910.jpg,0
f9471620538.jpg,0
f5283107496.jpg,4
f5796218043.jpg,0
f5079816243.jpg,1
f5190764283.jpg,0
f0754193628.jpg,0
f6537821049.jpg,5
f9481250637.jpg,5
f4697528130.jpg,1
f2064381795.jpg,1
f7108356942.jpg,6
f1246703895.jpg,0
f9815704263.jpg,4
f4607915328.jpg,0
f7452039186.jpg,0
f0534918267.jpg,2
f8492715306.jpg,0
f9524680173.jpg,6
f3869045217.jpg,0
f0932481765.jpg,3
f6532481097.jpg,0
f0481523679.jpg,0
f8127053649.jpg,2
f1508693472.jpg,0
f9568723041.jpg,4
f6132489750.jpg,0
f7492350861.jpg,0
f9751832046.jpg,3
f4675089321.jpg,0
f6942835710.jpg,2
f1053972486.jpg,0
f2046897153.jpg,3
f8295036471.jpg,0
f3804291657.jpg,0
f6801975234.jpg,2
f2971608453.jpg,0
f7648395012.jpg,0
f8256071493.jpg,0
f7294813056.jpg,0
f3608451297.jpg,0
f0927438615.jpg,0
f4362701859.jpg,2
f9762034158.jpg,0
f9146703825.jpg,2
f4951207683.jpg,3
f9384572160.jpg,0
f5176328490.jpg,0
f1645820793.jpg,0
f9265784301.jpg,0
f9873146250.jpg,0
f6529318407.jpg,0
f5684320179.jpg,1
f3916742580.jpg,0
f1689725034.jpg,4
f4269810573.jpg,0
f2657109834.jpg,5
f2341086795.jpg,0
f5341769028.jpg,4
f3194758026.jpg,1
f0814732596.jpg,0
f5702319648.jpg,1
f4856029317.jpg,0
f8342609571.jpg,0
f0925346718.jpg,0
f9286710543.jpg,0
f5408972163.jpg,4
f0752196348.jpg,0
f9630481257.jpg,1
f0249357861.jpg,0
f0894765213.jpg,0
f8163742095.jpg,5
f5074926183.jpg,5
f4138690275.jpg,1
f5824307691.jpg,1
f6349712085.jpg,6
f5469873120.jpg,0
f2495013687.jpg,4
f0632189475.jpg,0
f6193547820.jpg,0
f7548231096.jpg,2
f2450761983.jpg,0
f7845602193.jpg,6
f8706924351.jpg,0
f6317589024.jpg,3
f4683912705.jpg,0
f1963428705.jpg,0
f2930178456.jpg,2
f3052719864.jpg,0
f8571930246.jpg,4
f4320781569.jpg,0
f6327859014.jpg,0
f2678194053.jpg,3
f4128650739.jpg,0
f3475286019.jpg,2
f5721806349.jpg,0
f8169450327.jpg,3
f0148923576.jpg,0
f3479180256.jpg,0
f7365129084.jpg,2
f3195476280.jpg,0
f2467135890.jpg,0
f8431509276.jpg,0
f4823967510.jpg,0
f5496038217.jpg,0
f7483015269.jpg,0
f8613025479.jpg,2
f7842963150.jpg,0
f4263089751.jpg,2
f2634017598.jpg,3
f6052437198.jpg,0
f4217093586.jpg,0
f8465103297.jpg,0
f6809512473.jpg,0
f7459138026.jpg,0
f0812574963.jpg,0
f7906234158.jpg,1
f0295174683.jpg,0
f3814592076.jpg,4
f4859120637.jpg,0
f2897416503.jpg,5
f5806314297.jpg,0
f1057983462.jpg,4
f7019632485.jpg,1
f5378690214.jpg,0
f4712356098.jpg,1
f3690154278.jpg,0
f6530271984.jpg,0
f6028591743.jpg,0
f0415923867.jpg,0
f4139526780.jpg,4
f5382416970.jpg,0
f1275036948.jpg,1
f5769128340.jpg,0
f1432809675.jpg,0
f2361489570.jpg,5
f1345297068.jpg,5
f9837246150.jpg,1
f4589063217.jpg,1
f1530478926.jpg,6
f0984652731.jpg,0
f7901384265.jpg,4
f7302864915.jpg,0
f0816359427.jpg,0
f4156932807.jpg,2
f4210983765.jpg,0
f9824653710.jpg,6
f2983610745.jpg,0
f5713429806.jpg,3
f8452613097.jpg,0
f9273618054.jpg,0
f3952046781.jpg,2
f9460251378.jpg,0
f9702541386.jpg,4
f9035682174.jpg,0
f0684327591.jpg,0
f6208197345.jpg,3
f0241768539.jpg,0
f3592807416.jpg,2
f8679045123.jpg,0
f4981623507.jpg,3
f6305428719.jpg,0
f1504296873.jpg,0
f4271589360.jpg,2
f7015386294.jpg,0
f7691230458.jpg,0
f3906841725.jpg,0
f9764138502.jpg,0
f2761398054.jpg,0
f8903125647.jpg,0
f8140693572.jpg,2
f5327901468.jpg,0
f4153760892.jpg,2
f4795308612.jpg,3
f9235018476.jpg,0
f8147359602.jpg,0
f6574231908.jpg,0
f1206985437.jpg,0
f5923610784.jpg,0
f9752168340.jpg,0
f3185472690.jpg,1
f8973015246.jpg,0
f3928075461.jpg,4
f4953710682.jpg,0
f2634891570.jpg,5
f5147308926.jpg,0
f2859016743.jpg,4
f8032974615.jpg,1
f0876352419.jpg,0
f5302976148.jpg,1
f1564938027.jpg,0
f6539127084.jpg,0
f7039814256.jpg,0
f5806943172.jpg,0
f0629835147.jpg,4
f2306157948.jpg,0
f3152768049.jpg,1
f5420936817.jpg,0
f0845371962.jpg,0
f6243579108.jpg,5
f2647038195.jpg,5
f2187649035.jpg,1
f6738290154.jpg,1
f7803612459.jpg,6
f6728154093.jpg,0
f1067483952.jpg,4
f5821704369.jpg,0
f2861340759.jpg,0
f8561304792.jpg,2
f5243016789.jpg,0
f7940256183.jpg,6
f1648953027.jpg,0
f3964280571.jpg,3
f0712549683.jpg,0
f6185097423.jpg,0
f2857934061.jpg,2
f2517603894.jpg,0
f5876201349.jpg,4
f5193248067.jpg,0
f0629485317.jpg,0
f1684053972.jpg,3
f9035418672.jpg,0
f9728534601.jpg,2
f9724536018.jpg,0
f3407821569.jpg,3
f1546879302.jpg,0
f7489205361.jpg,0
f5308927614.jpg,2
f7580132469.jpg,0
f5073296481.jpg,0
f0342867591.jpg,0
f7315426809.jpg,0
f1580492736.jpg,0
f9371084526.jpg,0
f2437185906.jpg,2
f6804752391.jpg,0
f4921607835.jpg,2
f2809463175.jpg,3
f0978213654.jpg,0
f4759018263.jpg,0
f5419072836.jpg,0
f3284601795.jpg,0
f3412089657.jpg,0
f0753829461.jpg,0
f9128375640.jpg,1
f3610457829.jpg,0
f2047391865.jpg,4
f2753694018.jpg,0
f4032987651.jpg,5
f8175924360.jpg,0
f7314890562.jpg,4
f3278016549.jpg,1
f0825169437.jpg,0
f2794136805.jpg,1
f9610254873.jpg,0
f9167452380.jpg,0
f6912078435.jpg,0
f4239615807.jpg,0
f8762935410.jpg,4
f4271530896.jpg,0
f4309182567.jpg,1
f2109376485.jpg,0
f9621745083.jpg,0
f1542370689.jpg,5
f5840973612.jpg,5
f1230568497.jpg,1
f1648379025.jpg,1
f0497351628.jpg,6
f1786950234.jpg,0
f4321576089.jpg,4
f4580176932.jpg,0
f1348927056.jpg,0
f9863572014.jpg,2
f2847593601.jpg,0
f2036514987.jpg,6
f0487392156.jpg,0
f3409561827.jpg,3
f5683014972.jpg,0
f0543986712.jpg,0
f0738192645.jpg,2
f0261935748.jpg,0
f6574139802.jpg,4
f0139478526.jpg,0
f7468901325.jpg,0
f1784023956.jpg,3
f2953876014.jpg,0
f3041789562.jpg,2
f1532870694.jpg,0
f8549370612.jpg,3
f6791840532.jpg,0
f2695718034.jpg,0
f3257940681.jpg,2
f5704368219.jpg,0
f9716458032.jpg,0
f9604528317.jpg,0
f8103742965.jpg,0
f7962015348.jpg,0
f4357910286.jpg,0
f3489201756.jpg,2
f4961270385.jpg,0
f3085612947.jpg,2
f1572894630.jpg,3
f8612407935.jpg,0
f1372905846.jpg,0
f8692537041.jpg,0
f8396154270.jpg,0
f6751402893.jpg,0
f1234706985.jpg,0
f5046832719.jpg,1
f1076293854.jpg,0
f6372041859.jpg,4
f5846391207.jpg,0
f6450728319.jpg,5
f1826509374.jpg,0
f4109236857.jpg,4
f3674019582.jpg,1
f5648931720.jpg,0
f1963754208.jpg,1
f2813760495.jpg,0
f7958604231.jpg,0
f2976145083.jpg,0
f4287069153.jpg,0
f7083146529.jpg,4
f5627348091.jpg,0
f1793408265.jpg,1
f9817625340.jpg,0
f6375198240.jpg,0
f8473902156.jpg,5
f6782431059.jpg,5
f9217643058.jpg,1
f1437698520.jpg,1
f1058637942.jpg,6
f1095482637.jpg,0
f3408695712.jpg,4
f6297548130.jpg,0
f3690427851.jpg,0
f4621087935.jpg,2
f1465728093.jpg,0
f1074823956.jpg,6
f2063845791.jpg,0
f2590843761.jpg,3
f3027841569.jpg,0
f8630971452.jpg,0
f8053746219.jpg,2
f5107642389.jpg,0
f9831675042.jpg,4
f0147283956.jpg,0
f7546381920.jpg,0
f5148639072.jpg,3
f0452183679.jpg,0
f1325480976.jpg,2
f9467213850.jpg,0
f9682513704.jpg,3
f1382764905.jpg,0
f7541893026.jpg,0
f6572183409.jpg,2
f3250168974.jpg,0
f1627059384.jpg,0
f8735042961.jpg,0
f3041872965.jpg,0
f7630129854.jpg,0
f9670521483.jpg,0
f1693024785.jpg,2
f4560798312.jpg,0
f4387260519.jpg,2
f9673805214.jpg,3
f4890567213.jpg,0
f3419780265.jpg,0
f6359742810.jpg,0
f8706314295.jpg,0
f9834670215.jpg,0
f2783614905.jpg,0
f4253180769.jpg,1
f6752348019.jpg,0
f3921085467.jpg,4
f8013562749.jpg,0
f6439152780.jpg,5
f2409657318.jpg,0
f7965084213.jpg,4
f6302854917.jpg,1
f3094127685.jpg,0
f0517638492.jpg,1
f0247316985.jpg,0
f2073985164.jpg,0
f5307281649.jpg,0
f6149528073.jpg,0
f5728041369.jpg,4
f3290487651.jpg,0
f8421769035.jpg,1
f1472650893.jpg,0
f3071528649.jpg,0
f1728509463.jpg,5
f5971302468.jpg,5
f9328150674.jpg,1
f1034562798.jpg,1
f9476051238.jpg,6
f7432891065.jpg,0
f5397680142.jpg,4
f4206319587.jpg,0
f0326195748.jpg,0
f3167590284.jpg,2
f0426579318.jpg,0
f1389052476.jpg,6
f7365940218.jpg,0
f5237984160.jpg,3
f3127586490.jpg,0
f3620814957.jpg,0
f5263419870.jpg,2
f3498701256.jpg,0
f4026917358.jpg,4
f8354196072.jpg,0
f7931584026.jpg,0
f3697825140.jpg,3
f8426937105.jpg,0
f0579432861.jpg,2
f4590268371.jpg,0
f1758039642.jpg,3
f8563947201.jpg,0
f6890134275.jpg,0
f4357981260.jpg,2
f4021753689.jpg,0
f1624853079.jpg,0
f9346125708.jpg,0
f4587120693.jpg,0
f5273916480.jpg,0
f8614903725.jpg,0
f1793685204.jpg,2
f5642013978.jpg,0
f5461028397.jpg,2
f7281956403.jpg,3
f3896124570.jpg,0
f1368729045.jpg,0
f1789502643.jpg,0
f6357921480.jpg,0
f1640938725.jpg,0
f4759602183.jpg,0
f4753102869.jpg,1
f7125460983.jpg,0
f8371529604.jpg,4
f3086749215.jpg,0
f0568723194.jpg,5
f2415863079.jpg,0
f2837961504.jpg,4
f4237018965.jpg,1
f4830259167.jpg,0
f3861592470.jpg,1
f2175936840.jpg,0
f5219046837.jpg,0
f4867510923.jpg,0
f6287049315.jpg,0
f5091748623.jpg,4
f7985342160.jpg,0
f9348025761.jpg,1
f8609412735.jpg,0
f4637018529.jpg,0
f9510238647.jpg,5
f9380471562.jpg,5
f9325871046.jpg,1
f4063852179.jpg,1
f2587410936.jpg,6
f6721398045.jpg,0
f3567129408.jpg,4
f3804615279.jpg,0
f0148596732.jpg,0
f8216547930.jpg,2
f0923758614.jpg,0
f5709316824.jpg,6
f7591308624.jpg,0
f8356409127.jpg,3
f1423806975.jpg,0
f0159327864.jpg,0
f2794801563.jpg,2
f5216497083.jpg,0
f3160429875.jpg,4
f3092856174.jpg,0
f5803192746.jpg,0
f0342916578.jpg,3
f8095316427.jpg,0
f0347915268.jpg,2
f0893254761.jpg,0
f9435108762.jpg,3
f2308195647.jpg,0
f4571820639.jpg,0
f6358241079.jpg,2
f4258619703.jpg,0
f5201946738.jpg,0
f8307619524.jpg,0
f7836915240.jpg,0
f1642935870.jpg,0
f8627951340.jpg,0
f8730164952.jpg,2
f2781564309.jpg,0
f5420879361.jpg,2
f9605178423.jpg,3
f9084536217.jpg,0
